aminoAcid	frequencyCount (%)	sequenceStatus
CATTGTSGGPSQSTQYF	0.010946119786034	In
CASSLRVGGYGYTF	0.0108411765662282	In
CASRRLGGLNTEAFF	0.0061298172263556	In
CASSLRGSGNTIYF	0.0035096855694204	In
CASRQDGSTEAFF	0.0031884509247566	In
CASSRARVFGNYGYTF	0.0025006540475318	In
CASSQADNQPQHF	0.0022853480050195	In
CASSKTGTSGSDTQYF	0.0021220208812372	In
CASSESGQPTGELFF	0.0017722101485513	In
CASSVALMPGNSPLHF	0.0016709621125415	In
CASDVKLPLGNTEAFF	0.0016689913478503	In
CASSTGGRNEQFF	0.0016507617744568	In
CASSQEGQSSYEQYF	0.0015497600840334	In
CASSIRTQGPYSGANVLTF	0.0015128082460736	In
CASSDSGSGGNEQFF	0.0013443078649769	In
CASSYSGSNQPQHF	0.0012369011893072	In
CAWGATGDSTDTQYF	0.0011918199469962	In
CARSLAGTSGEVRGYEQYF	0.0011827051602995	In
CASSLFPDSGGAYTGELFF	0.0011819661235403	In
CASSPRGRGYTF	0.001130479895983	In
CASSYDENTEAFF	0.0011085551387935	In
CSVEDRGVVTQYF	0.001095252477128	In
CSVYRGHEQYF	0.0009718333383423604	In
CASSGRVQWDKSYEQYF	0.0009176373093346747	In
CASSYYGTAQETQYF	0.0008466897804518865	In
CASSLAFGEEAFF	0.0007814082000562653	In
CASSVSGRAVEKLFF	0.0007200681490430213	In
CAISEAVTASNQPQHF	0.0007193291122838256	In
CASSYARNYEQYF	0.000713909509383057	In
CASSLVSNEQFF	0.0006939555168847728	In
CASSRSDTGELFF	0.00069272378895278	In
CASSDNSGANVLTF	0.0006639013553441473	In
CASSWDKPYGYTF	0.0006592207892025745	In
CSARDGGAQETQYF	0.0006429619805002688	In
CAWRALAGESGEQFF	0.0006407448702226816	In
CASSFGGGQPQHF	0.0006318764291123331	In
CASSPNGGGPHEQYF	0.0006013295763989103	In
CASRQGLQPQHF	0.0005988661205349247	In
CASSFQMYQETQYF	0.0005589581355383563	In
CASSPTSGYNEQFF	0.0005523068047055948	In
CASSGTSGADTQYF	0.0005481189297368191	In
CASSSRPNNSPLHF	0.000537279723935282	In
CASRSGSTTNEKLFF	0.0005355553048304921	In
CASSLDGTGGRKLFF	0.0005286576284113321	In
CASSVEARRVRETQYF	0.0005220062975785707	In
CASSQDTGMGEQYF	0.000519542841714585	In
CAISGYLGLAGAYNEQFF	0.0005173257314369979	In
CASSLLGDSGVYEQYF	0.000510920746190635	In
CASSEAEVSEQYF	0.0005040230697714751	In
CASRRMTSGAPDTQYF	0.0004968790477659165	In
CASSDRDTGELFF	0.000496632702179518	In
CASSLFRALAKNIQYF	0.0004924448272107423	In
CASSEDRGFYNEQFF	0.0004853008052051837	In
CASSELAGGPDTQYF	0.000481112930236408	In
CASSKADRGTSTNEKLFF	0.0004798812023044152	In
CASSPPGFWRGASYEQYF	0.000479388511131618	In
CAISVEGNTEAFF	0.0004766787096812337	In
CASSLSRGTEAFF	0.0004739689082308495	In
CASSFGGGQSTDTQYF	0.0004734762170580523	In
CASRAGNQPQHF	0.0004658395038796967	In
CARSLGRAQPQHF	0.0004633760480157109	In
CASSQHYEQYF	0.0004574637539421452	In
CASSQDRPDEAFF	0.000447856276072601	In
CASSLTSNTEAFF	0.0004424366731718325	In
CASSRVDRADTEAFF	0.0004399732173078468	In
CASSESGGSGANVLTF	0.0004362780335118682	In
CASSQLPGGSYEQYF	0.00043381457764788247	In
CASSVGGGGAGEQYF	0.0004256851732967296	In
CASSFTENTEAFF	0.0004251924821239325	In
CASGRKGSGGSPNEQFF	0.0004207582615687583	In
CASSLALGVDEQFF	0.0004192801880503669	In
CASSEASGGADTQYF	0.0004168167321863811	In
CASSTSHEQYF	0.0004153386586679897	In
CASSQGGQSYEQYF	0.00040573118079844544	In
CASSLRGGYTF	0.0003976017764472926	In
CASSRTTDTQYF	0.00039464562941050977	In
CASSERGGFNSPLHF	0.0003926748647193213	In
CASSLDRTFTDTQYF	0.00038479180595456697	In
CASSDRTSGGARQFF	0.0003783868207082041	In
CASSLGRTPYEQYF	0.00037395260015302985	In
CASSFGTGTGNTIYF	0.0003675476149066671	In
CASSLWPPYYEQYF	0.0003665622325610728	In
CASSVAGTGGTEAFF	0.0003655768502154785	In
CASSEQGESGELFF	0.0003628670487650942	In
CSARGLLDSQPQHF	0.0003604035929011085	In
CASSHSGGAEAFF	0.0003552303355867385	In
CASSHRLGETQYF	0.0003530132253091514	In
CASSYVPRESSFWGTDTQYF	0.0003505497694451657	In
CASRGTGRDTGELFF	0.00035005707827236854	In
CASSELPNTEAFF	0.00034981073268597	In
CASSQADNQPQHF	0.00033158115929247576	In
CASSRTGEAFF	0.0003305957769468815	In
CASRKGGSGGHTEAFF	0.0003298567401876858	In
CATSVGTGGSGELFF	0.0003278859754964972	In
CASSLGTGWDNSPLHF	0.0003273932843237001	In
CASKKELYNSPLHF	0.0003266542475645044	In
CASSWDKSYEQYF	0.0003254225196325115	In
CASSVSGYEQYF	0.0003246834828733158	In
CASSDSTGAGANVLTF	0.0003227127181821272	In
CASSRTEFNYGYTF	0.00031901753438614867	In
CASSERTGSPLHF	0.0003140906226581773	In
CATSKDGKLNEQFF	0.000311380821207793	In
CASSQGQGNTEAFF	0.0003071929462390173	In
CASSEQLNSNQPQHF	0.00030251238009744447	In
CASSLGQGADTQYF	0.00029832450512866875	In
CASSPSDLNTEAFF	0.00029586104926468306	In
CASSLAGQAEINEKLFF	0.0002916731742959073	In
CASSINAPNSPSDGYTF	0.0002916731742959073	In
CASSLSPGGKETQYF	0.0002894560640183202	In
CASSERPLGQPQHF	0.00028920971843192166	In
CASGSYNEQFF	0.0002874852993271317	In
CSARDREYEQYF	0.00028502184346314595	In
CASSWGTSNYGYTF	0.0002847754978767474	In
CASTGTGGVEQYF	0.0002847754978767474	In
CASSGGETYNSPLHF	0.0002805876229079717	In
CASNPGTANTGELFF	0.0002805876229079717	In
CASSVGGSGNTIYF	0.00027442898324800744	In
CASSQDPYEQYF	0.0002739362920752103	In
CASSDSGGSYNEQFF	0.000272950909729616	In
CASTRGATSYEQYF	0.0002704874538656304	In
CAWSAASGAGELFF	0.0002690093803472389	In
CAISEDSYNSPLHF	0.0002655605421376589	In
CASSYRDNSPLHF	0.00026432881420566603	In
CASRGGNQPQHF	0.00026112632158248463	In
CASSLSSRALWPRGYTF	0.0002603872848232889	In
CASSAPGTGLDTGELFF	0.00025767748337290463	In
CASSVAGTREKLFF	0.0002574311377865061	In
CSVQGSYEQYF	0.0002574311377865061	In
CASSLAMGGFGIQYF	0.0002571847922001075	In
CASSLVAVADTQYF	0.00025521402750891894	In
CASSQADPVKGNTIYF	0.0002549676819225204	In
CASSWDSINSGANVLTF	0.0002539822995769261	In
CASSERGGSGANVLTF	0.0002537359539905275	In
CASSKLGQDSYNEQFF	0.0002502871157809475	In
CASSHRGGNTIYF	0.0002497944246081504	In
CASSYRDGLNEKLFF	0.00024930173343535325	In
CASSPTGVHYGYTF	0.0002470846231577661	In
CASSDGRPNYGYTF	0.0002463455863985704	In
CATSSGTSDTGELFF	0.00024117232908420043	In
CASRYGQGRNEQYF	0.0002401869467386061	In
CASSLTTGGNTEAFF	0.0002401869467386061	In
CSARGDRDTEAFF	0.0002389552188066133	In
CASSLRGSNTEAFF	0.0002347673438378376	In
CASSDFSQDSHTGELFF	0.0002330429247330476	In
CASSTYNQPQHF	0.0002318111968010548	In
CASSLADSSSYEQYF	0.0002305794688690619	In
CASSQATGQGNQPQHF	0.00022959408652346763	In
CASSELQGLSYEQYF	0.00022934774093706905	In
CASSLYGNTIYF	0.0002283623585914748	In
CASSKENLRTTYEQYF	0.0002281160130050762	In
CAWTDLGGYEQYF	0.00022762332183227905	In
CSALDRGLFQPQHF	0.0002273769762458805	In
CASSQGEQGASYTF	0.00022713063065948191	In
CASNPRGGGSNQPQHF	0.0002190012263083291	In
CASSLRVNTEAFF	0.0002190012263083291	In
CASTVAGGQFF	0.00021752315278993767	In
CASSNGGTRDGYTF	0.0002153060425123505	In
CASSYSKGATGNTIYF	0.0002148133513395534	In
CASTGTSGGPDTQYF	0.0002148133513395534	In
CASSLRADEQFF	0.0002148133513395534	In
CASSGPGDPQPQHF	0.0002145670057531548	In
CASSYGSSADTQYF	0.00021432066016675624	In
CSARGRGLQETQYF	0.00021432066016675624	In
CSARGLTGTSQNEQFF	0.00021432066016675624	In
CASSDGTAYQPQHF	0.0002140743145803577	In
CSVDQGGNYGYTF	0.00021358162340756053	In
CASSPRIFSVRSYNEQFF	0.0002130889322347634	In
CASSPDRGRNGYTF	0.0002123498954755677	In
CASTGLRGQNSPLHF	0.000211610858716372	In
CASSRPGQGAIGSMEAFF	0.00021013278519798056	In
CASSPTGLEAFF	0.00020914740285238624	In
CASTPGRGGEAFF	0.00020693029257479916	In
CAQAEGAEQYF	0.0002056985646428063	In
CSARRGQTQRRGYTF	0.0002056985646428063	In
CASSGGRTTEAFF	0.0002054522190564077	In
CASSYTPPIEAFF	0.000204713182297212	In
CASSLVPATYGYTF	0.00020372779995161773	In
CASSGEGRNEQFF	0.00020323510877882055	In
CASWSSPEQYF	0.00020274241760602344	In
CASRPPGQGVHEQYF	0.0002022497264332263	In
CASSPRGDRGSTNSPLHF	0.00020101799850123344	In
CASSGQENTEAFF	0.00020101799850123344	In
CASSTGTPNTEAFF	0.0002007716529148349	In
CASSNGLVRTSAEQYF	0.00019707646911885636	In
CASSLGGQGWVSAEAFF	0.00019609108677326204	In
CASSQVEETQYF	0.0001921495573908849	In
CASSQDRRVGGKETQYF	0.00019165686621808777	In
CASSLTGQNTGELFF	0.00019116417504529064	In
CASSQEGGGAHEQFF	0.00019116417504529064	In
CASSEGTSGPSGANVLTF	0.0001891934103541021	In
CASSYGQLREKLFF	0.00018845437359490635	In
CASSYSNVGGGTGELFF	0.0001879616824221092	In
CASRLQGAGLDEQYF	0.00018746899124931209	In
CASSQVGETQYF	0.00018599091773092064	In
CASSGPRSDGANVLTF	0.00018426649862613063	In
CASRQQGTGNTIYF	0.00018278842510773924	In
CASSHGTGSYTF	0.00018204938834854355	In
CASSYSELATDTQYF	0.00018032496924375352	In
CASSLVGVGQPQHF	0.0001788468957253621	In
CAWSVAGDSTDTQYF	0.0001788468957253621	In
CASSFMNTEAFF	0.00017860055013896355	In
CASSPYRAQVAGGEAFF	0.0001781078589661664	In
CASSPDSLSSYEQYF	0.00017786151337976784	In
CASSRAHSQPQHF	0.00017712247662057213	In
CASSPLTGAPLGYTF	0.0001756444031021807	In
CAIRGGGTEAFF	0.00017515171192938357	In
CASSPGSGNTIYF	0.00017367363841099215	In
CAWSPGTRDTEAFF	0.00017170287371980357	In
CASSPVGGEEQYF	0.00017145652813340502	In
CAWMSYQVSGEQYF	0.00017121018254700644	In
CASSSPGGANVLTF	0.0001707174913742093	In
CASSQEEAGGPDTQYF	0.000169732109028615	In
CASSVAGGTDTQYF	0.00016948576344221644	In
CASTIYHEQYF	0.00016948576344221644	In
CASSVMSGGAGELFF	0.00016923941785581788	In
CASSLSPSVYEQYF	0.000168007689923825	In
CASSFFGGGAKSGELFF	0.00016751499875102788	In
CASSEAGGSTDTQYF	0.00016579057964623788	In
CASSTYNQPQHF	0.00016505154288704217	In
CASSWDKSYEQYF	0.00016480519730064362	In
CASSMGGRYNEQFF	0.00016357346936865074	In
CASSEGHMNTGELFF	0.00016184905026386077	In
CASSHVERSGELFF	0.0001613563590910636	In
CASSDSSGGTDTQYF	0.00016086366791826648	In
CASSYDSGRNTGELFF	0.00015889290322707792	In
CASSDRDTGELFF	0.0001581538664678822	In
CAISEGSGPETQYF	0.0001581538664678822	In
CASSQGRDIDPLHF	0.0001581538664678822	In
CASREGVARNTEAFF	0.0001581538664678822	In
CASRLRGGPTDTQYF	0.00015790752088148363	In
CASSAGTANNSPLHF	0.00015766117529508503	In
CASSETSNRGGF	0.00015716848412228792	In
CASSHRLAQPQHF	0.00015692213853588934	In
CASAFKGQETQYF	0.00015593675619029508	In
CASSYSRTGGFKDNEQFF	0.00015544406501749792	In
CASSGLAGGQETQYF	0.00015445868267190366	In
CASSLAPSYEQYF	0.0001539659914991065	In
CASSPTDARPGEAFF	0.0001539659914991065	In
CASSLDRAGRVNTEAFF	0.00015248791798071508	In
CSDSDERGLAFF	0.00015224157239431652	In
CASSGTSGGAEEQYF	0.00015199522680791794	In
CASSLASGRAQHF	0.00015199522680791794	In
CASSDGQGADTQYF	0.00015174888122151936	In
CASSATGGWGEKLFF	0.00015100984446232365	In
CASSSTEGGNEQFF	0.00015027080770312794	In
CSARDRQRGDYNEQFF	0.00014928542535753368	In
CASSSGLDGYTF	0.00014879273418473652	In
CASSSPGTGSYEQYF	0.00014854638859833797	In
CASSLKAEAFF	0.00014854638859833797	In
CASSGTGGTDTQYF	0.0001483000430119394	In
CASSWQGRAFF	0.0001483000430119394	In
CASSYLDREGQYF	0.00014780735183914226	In
CATSDPTGTSYNEQFF	0.00014706831507994654	In
CASRQGSLSGANVLTF	0.00014559024156155512	In
CASSLGQGVGELFF	0.00014559024156155512	In
CASSQRTSGGAGNEQFF	0.00014559024156155512	In
CAWSEFNTEAFF	0.00014534389597515654	In
CASTTNTEAFF	0.00014435851362956225	In
CASSEGGGRTEAFF	0.0001441121680431637	In
CASSGLGGDTDTQYF	0.00014288044011117083	In
CASSMTGTGTEAFF	0.00014214140335197512	In
CASSVQGGEQFF	0.00014214140335197512	In
CASSLTQVSRRELFF	0.00014214140335197512	In
CASSTQSEAFF	0.000141648712179178	In
CASSRGQGVVSQPQHF	0.0001406633298335837	In
CASREGKGGNQPQHF	0.00014017063866078656	In
CASSPRDRGRAFF	0.00014017063866078656	In
CASSQDHRTDTQYF	0.00013992429307438798	In
CASSDSSGANVLTF	0.00013967794748798943	In
CASSKGGQYYEQYF	0.00013967794748798943	In
CASSWIYNEQFF	0.00013918525631519227	In
CASSSDSNYGYTF	0.00013918525631519227	In
CASSYGGSLRNEQFF	0.00013893891072879372	In
CASSLEWRSNYGYTF	0.00013869256514239514	In
CAIGVGGPTGNTIYF	0.00013795352838319943	In
CAGRTGGNTIYF	0.00013795352838319943	In
CASSESYGRGSSDTEAFF	0.0001367218004512066	In
CASTGQPFNQPQHF	0.0001367218004512066	In
CASSYRVSDRAPYGNQPQHF	0.00013598276369201088	In
CASSYRTGVYEQYF	0.0001357364181056123	In
CASSQDPGAGNTIYF	0.00013524372693281516	In
CASSLSGVHTEAFF	0.00013499738134641658	In
CASSSGQRPYEQYF	0.000134751035760018	In
CASSLYSNQPQHF	0.000134751035760018	In
CAWSGGMGSRGYGYTF	0.00013450469017361945	In
CASSTRGTDFYNSPLHF	0.0001340119990008223	In
CATGYASTEAFF	0.00013376565341442374	In
CASASGGTKNEQFF	0.00013327296224162658	In
CASSQGFDYMNTGELFF	0.00013327296224162658	In
CASSDSDNTEAFF	0.00013327296224162658	In
CASSLGRVVGKAFF	0.00013302661665522803	In
CASSYTGGNTIYF	0.00013278027106882945	In
CASSEDLFGQGFVGGYTF	0.00013204123430963374	In
CASSWRGSAFF	0.00013204123430963374	In
CASSEARGMAGNQPQHF	0.0001315485431368366	In
CASSGDRDNQPQHF	0.00013130219755043803	In
CASRDTSMTGGAGANVLTF	0.00013130219755043803	In
CASSEALLGAEAFF	0.00013130219755043803	In
CASSQPPMWTYNEQFF	0.0001308095063776409	In
CASSQTSYTEAFF	0.0001308095063776409	In
CASRPTRSGQLLATQYF	0.00013031681520484374	In
CAISEPIQMSGADTQYF	0.00013031681520484374	In
CASSQEGTRALNTF	0.00013031681520484374	In
CASSWGALTGELFF	0.0001300704696184452	In
CASSEAAGSYNEQFF	0.0001300704696184452	In
CASSVLGLEAFF	0.0001298241240320466	In
CSARGTSGGDTGELFF	0.00012957777844564805	In
CASSLVVAGGGNEQFF	0.00012883874168645231	In
CASSRDRRTDTQYF	0.00012859239610005376	In
CASRTGGGSYEQYF	0.00012834605051365518	In
CASSIQGGHNSPLHF	0.0001280997049272566	In
CSVMNTEAFF	0.00012785335934085805	In
CASSLALRVHRYNEQFF	0.00012760701375445947	In
CASSQGRTSEAFF	0.0001273606681680609	In
CASGPWAGPSYEQYF	0.0001273606681680609	In
CASSLGQGNQPQHF	0.00012711432258166234	In
CAIPGGTDTQYF	0.00012662163140886518	In
CASSLPGTGVYGYTF	0.00012637528582246663	In
CASKETAGYTF	0.00012637528582246663	In
CASSQGASNTGELFF	0.00012612894023606805	In
CASGLMGTYQPQHF	0.00012563624906327092	In
CASSGTSGAGANVLTF	0.00012538990347687234	In
CASSDSTSGGAETQYF	0.00012538990347687234	In
CAWSAGSITEAFF	0.00012538990347687234	In
CASSEAPGPTNEKLFF	0.00012514355789047376	In
CASSELAGGQETQYF	0.00012465086671767663	In
CSASRRGQPQHF	0.00012465086671767663	In
CASSPWDRGVNEQFF	0.0001241581755448795	In
CASSLADGLFGSNQPQHF	0.00012391182995848092	In
CSARDLGSADPYEQYF	0.00012366548437208234	In
CASSQRGRVNEQFF	0.00012341913878568378	In
CSALHLYTEAFF	0.00012341913878568378	In
CSVTETGRHEQYF	0.00012268010202648807	In
CASSLAGRQGASEAFF	0.0001224337564400895	In
CASSLQGAKAFF	0.0001221874108536909	In
CASSLEQANVYGYTF	0.0001221874108536909	In
CASSPRDNYGYTF	0.00012194106526729236	In
CASRRDFSGANVLTF	0.00012144837409449522	In
CASSPGTGGVEKLFF	0.00012120202850809664	In
CASSLGAGTRDQPQHF	0.00012095568292169808	In
CASSSSGGTSYGYTF	0.00012095568292169808	In
CSVGGTALLGTEAFF	0.00012095568292169808	In
CASSLGTGYYEQYF	0.00012046299174890092	In
CASSLASGGSSYEQYF	0.00012046299174890092	In
CASRRTGAYNEQFF	0.0001197239549897052	In
CASSTVGSTNEKLFF	0.0001197239549897052	In
CASRTQGRGAKNIQYF	0.0001189849182305095	In
CASSWTSSYNEQFF	0.00011873857264411094	In
CAWSVLSGELFF	0.00011849222705771236	In
CASSAGQGGTEAFF	0.0001182458814713138	In
CASSLSRSVSTEAFF	0.0001182458814713138	In
CASSQAQGNTIYF	0.00011750684471211808	In
CASSSDRGSTEAFF	0.00011726049912571951	In
CASSQDPSVETQYF	0.00011701415353932096	In
CASSGGLLGTGELFF	0.00011676780795292235	In
CASSRGSYEQYF	0.0001165214623665238	In
CASSYRGEAFF	0.0001165214623665238	In
CASSDSPGQDTQYF	0.00011627511678012524	In
CSARLAGGQETQYF	0.00011602877119372666	In
CASSYGYTEAFF	0.00011602877119372666	In
CASSWTEVSYEAFF	0.00011578242560732808	In
CASTDTGGRQPQHF	0.00011578242560732808	In
CASSPSGWETQYF	0.00011553608002092953	In
CASSLGGRYEQYF	0.00011553608002092953	In
CSARDRGIDQPQHF	0.00011430435208893668	In
CASSVRGTSGGSATQYF	0.00011430435208893668	In
CASSYSSRDWGNEQFF	0.0001140580065025381	In
CASSEGQDTGELFF	0.0001140580065025381	In
CAISQQGHREKLFF	0.00011356531532974096	In
CASSEVQGRIRYEQYF	0.0001133189697433424	In
CASSGGGTSGDYNEQFF	0.0001133189697433424	In
CASSYSWGRESNQPQHF	0.0001133189697433424	In
CATSRAPRGTEAFF	0.0001133189697433424	In
CASSLGRGRSYEQYF	0.0001130726241569438	In
CASSGDWDTDTQYF	0.0001130726241569438	In
CASNLGGTYEQYF	0.0001130726241569438	In
CASSFRPYEQFF	0.00011282627857054525	In
CSARWQGKTGELFF	0.00011257993298414668	In
CASKGTGSFSYEQYF	0.00011257993298414668	In
CASSPTTGIDTGELFF	0.0001123335873977481	In
CASTEGQGSSYEQYF	0.00011208724181134952	In
CASRGRVSLLSTDTQYF	0.00011184089622495096	In
CASSSQKGYEQYF	0.00011184089622495096	In
CASRADSASNTEAFF	0.0001115945506385524	In
CASSPNFPGQGSTEAFF	0.0001115945506385524	In
CASGEYASTDTQYF	0.00011134820505215382	In
CASSFGLGMNEQFF	0.00011110185946575526	In
CASSLAQTNEKLFF	0.00011110185946575526	In
CASSALGSSYEQYF	0.00011060916829295813	In
CATSRGGANTGELFF	0.00011036282270655956	In
CASGRQANEKLFF	0.00011036282270655956	In
CASSAPTLAGSSYEQYF	0.00011011647712016095	In
CASSYFRHNQPQHF	0.00011011647712016095	In
CASSRVELDTQYF	0.00011011647712016095	In
CASSYSPGGDTEAFF	0.0001098701315337624	In
CASTVRPGELFF	0.0001098701315337624	In
CASSPSGMETQYF	0.0001098701315337624	In
CAWSVTGAHQPQHF	0.00010962378594736384	In
CASSDSAGGTDTQYF	0.00010962378594736384	In
CASSLVGIGQGGSETQYF	0.00010937744036096526	In
CASSRPGGHAFF	0.00010937744036096526	In
CASSRNTGGGEAFF	0.00010937744036096526	In
CASCKGVKVTDTQYF	0.00010937744036096526	In
CSVAQGANQPQHF	0.00010913109477456668	In
CASSSGTGDEQYF	0.00010913109477456668	In
CASSLERTGVSYEQYF	0.00010863840360176954	In
CASGLGGYGTEAFF	0.00010839205801537098	In
CASKPTGAYGTGELFF	0.00010839205801537098	In
CASSLAGLGGGSDTQYF	0.0001081457124289724	In
CASSLGQASWPQHF	0.0001081457124289724	In
CASSQERGGQDTQYF	0.0001081457124289724	In
CASSLQIVNTEAFF	0.00010789936684257385	In
CASSPNPGSYEQYF	0.0001074066756697767	In
CASRIADTQYF	0.0001074066756697767	In
CASSPRDRYTYEQYF	0.00010691398449697956	In
CASSEEWGGTQPQHF	0.000106667638910581	In
CASSDGTTGELFF	0.000106667638910581	In
CASSLGVMNTEAFF	0.0001056822565649867	In
CASSRRKGREQYF	0.0001056822565649867	In
CASSLGDTQYF	0.0001056822565649867	In
CASSRKDIHRDEKLFF	0.00010543591097858812	In
CARQGTSLHF	0.00010518956539218955	In
CASSPPGGGDLYQETQYF	0.000104943219805791	In
CACTRTSGGHNEQFF	0.000104943219805791	In
CASSFRTGGYGYTF	0.00010469687421939242	In
CARRVGSGQAFF	0.00010420418304659528	In
CASSLGGARDEQYF	0.00010395783746019672	In
CASSDGGAGELFF	0.00010371149187379814	In
CASSYPIGGSSYEQYF	0.000103218800701001	In
CASRQGARGNTIYF	0.000103218800701001	In
CASRKGRGEAFF	0.000103218800701001	In
CASSLSGVSSYEQYF	0.000103218800701001	In
CATSARTGSPLHF	0.00010297245511460243	In
CASSSTGRLGYTF	0.00010272610952820384	In
CAGEGGQTDVDTQYF	0.00010247976394180527	In
CASSPGGEQYF	0.00010223341835540672	In
CASSQISPGNTIYF	0.00010198707276900814	In
CASSPHAGGAYEQYF	0.00010198707276900814	In
CASSLSPGGKETQYF	0.00010174072718260958	In
CASSQEVEGVDEQFF	0.00010174072718260958	In
CASSQEGEVFQETQYF	0.000101494381596211	In
CASSHRWASYEQYF	0.000101494381596211	In
CASRGTGELFF	0.00010124803600981245	In
CASSVLDEQYF	0.00010124803600981245	In
CASSYEIALSTGELFF	0.00010100169042341388	In
CASSLLGPTGELFF	0.0001007553448370153	In
CASSIDFQGYNEQFF	0.00010050899925061672	In
CASSDNRDTGELFF	0.00010026265366421815	In
CASSLQGFTDQPQHF	0.00010026265366421815	In
CASTGQRTGEAFF	0.00010026265366421815	In
CASSGTSGGADTQYF	0.0001000163080778196	In
CASSLFGTGNEKLFF	0.0001000163080778196	In
CASSLTTGREQYF	0.0001000163080778196	In
